
-- Rooms
insert into room(object_id, parent_id, parent_entity_id) values (1,1,100), (2,1,100), (3,2,100), (4,2,100);
insert into room_string_culture(id, locale, value) values (1, 'ru', '1а'), (1, 'en', '1a'), (2, 'ru', '1б'), (2, 'en', '1b'),
(3, 'ru', '2а'), (3, 'en', '2a'), (4, 'ru', '2б'), (4, 'en', '2b');
insert into room_attribute(attribute_id, object_id, attribute_type_id, value_id, value_type_id) values
(1,1,200,1,200), (1,2,200,2,200), (1,3,200,3,200), (1,4,200,4,200);
update sequence set sequence_value = 5 where sequence_name = 'room';
update sequence set sequence_value = 5 where sequence_name = 'room_string_culture';

-- Apartments
insert into apartment(object_id, parent_id, parent_entity_id) values (1,1,500), (2,1,500);
insert into apartment_string_culture(id, locale, value) values (1, 'ru', '10'), (1, 'en', '10'), (2, 'ru', '20'), (2, 'en', '20');
insert into apartment_attribute(attribute_id, object_id, attribute_type_id, value_id, value_type_id) values
(1,1,100,1,100), (1,2,100,2,100);
update sequence set sequence_value = 3 where sequence_name = 'apartment';
update sequence set sequence_value = 3 where sequence_name = 'apartment_string_culture';

-- Buildings
insert into building(object_id, parent_id, parent_entity_id) values (1,1,400), (2,1,400), (3,1,400), (4,2,400), (5,2,400);
insert into building_string_culture(id, locale, value) values (1, 'ru', '10'), (2, 'ru', '20'), (3,'ru','11'), (4,'ru','12'), (5,'ru','21'), (6,'ru','100'), (7,'ru', null), (8,'ru', null), (9,'ru', null), (10,'ru', null), (11,'ru', null), (12,'ru', null), (13,'ru', null), (14,'ru', null), (15,'ru', null), (16,'ru', null), (17,'ru', null), (18,'ru', null),
                                                              (1, 'en', '10'), (2, 'en', '20'), (3,'en','11'), (4,'en','12'), (5,'en','21'), (6,'en','100'), (7,'en', null), (8,'en', null), (9,'en', null), (10,'en', null), (11,'en', null), (12,'en', null), (13,'en', null), (14,'en', null), (15,'en', null), (16,'en', null), (17,'en', null), (18,'en', null);
insert into building_attribute(attribute_id, object_id, attribute_type_id, value_id, value_type_id) values
(1,1,500,1,500),
(1,1,501,7,501),
(1,1,502,8,502),
(1,1,503,1,503),
(1,1,504,2,504),
(2,1,500,6,500),
(2,1,501,9,501),
(2,1,502,10,502),
(2,1,503,3,503),
(1,2,500,2,500),
(1,2,501,11,501),
(1,2,502,12,502),
(1,2,503,1,503),
(1,2,504,2,504),
(1,3,500,3,500),
(1,3,501,13,501),
(1,3,502,14,502),
(1,3,503,1,503),
(1,3,504,2,504),
(1,4,500,4,500),
(1,4,501,15,501),
(1,4,502,16,502),
(1,4,503,2,503),
(1,4,504,1,504),
(1,5,500,5,500),
(1,5,501,17,501),
(1,5,502,18,502),
(1,5,503,2,503),
(1,5,504,1,504);
update sequence set sequence_value = 19 where sequence_name = 'building_string_culture';
update sequence set sequence_value = 6 where sequence_name = 'building';

-- Streets
insert into street_string_culture(id, locale, value) values (1, 'ru', 'Терешковой'), (1,'en','Tereshkovoy'),
                                                            (2, 'ru', 'Ленина'), (2,'en','Lenina'),
                                                            (3, 'ru', 'Морской'), (3,'en', 'Morskoy');
insert into street(object_id, parent_id, parent_entity_id) values (1,1,400), (2,2,400), (3,1,400);
insert into street_attribute(attribute_id, object_id, attribute_type_id, value_id, value_type_id) values
(1,1,300,1,300),
(1,2,300,2,300),
(1,3,300,3,300);
update sequence set sequence_value = 4 where sequence_name = 'street_string_culture';
update sequence set sequence_value = 4 where sequence_name = 'street';

-- Districts
insert into district_string_culture(id, locale, value) values (1, 'ru', 'Ленинский'), (1, 'en','Leninsky'),
                                                              (2, 'ru', 'Советский'), (2, 'en', 'Sovetsky');
insert into district(object_id, parent_id, parent_entity_id) values (1,1,400), (2,1,400);
insert into district_attribute(attribute_id, object_id, attribute_type_id, value_id, value_type_id) values
(1,1,600,1,600),
(1,2,600,2,600);
update sequence set sequence_value = 3 where sequence_name = 'district_string_culture';
update sequence set sequence_value = 3 where sequence_name = 'district';

-- Cities
insert into city_string_culture(id, locale, value) values (1, 'ru', 'Новосибирск'), (1,'en','Novosibirsk'),
                                                          (2, 'ru', 'Москва'), (2,'en','Moscow');
insert into city(object_id, parent_id, parent_entity_id) values (1,1,700), (2,2,700);
insert into city_attribute(attribute_id, object_id, attribute_type_id, value_id, value_type_id) values
(1,1,400,1,400),
(1,2,400,2,400);
update sequence set sequence_value = 3 where sequence_name = 'city_string_culture';
update sequence set sequence_value = 3 where sequence_name = 'city';

-- Regions
insert into region_string_culture(id, locale, value) values (1, 'ru', 'Новосибирская обл.'), (1,'en','Novosibirsk''s region'),
                                                            (2, 'ru', 'Московская обл.'), (2,'en','Moscow''s region');
insert into region(object_id, parent_id, parent_entity_id) values (1,1,800), (2,1,800);
insert into region_attribute(attribute_id, object_id, attribute_type_id, value_id, value_type_id) values
(1,1,700,1,700),
(1,2,700,2,700);
update sequence set sequence_value = 3 where sequence_name = 'region_string_culture';
update sequence set sequence_value = 3 where sequence_name = 'region';

-- Countries
insert into country_string_culture(id, locale, value) values (1, 'ru', 'Россия'), (1,'en','Russia'),
                                                            (2, 'ru', 'Украина'), (2,'en','Ukraine');
insert into country(object_id) values (1), (2);
insert into country_attribute(attribute_id, object_id, attribute_type_id, value_id, value_type_id) values
(1,1,800,1,800),
(1,2,800,2,800);
update sequence set sequence_value = 3 where sequence_name = 'country_string_culture';
update sequence set sequence_value = 3 where sequence_name = 'country';

-- Users
insert into user value (1, 'admin', '21232f297a57a5a743894a0e4a801fc3', null);
insert into usergroup value (1, 'admin', 'ADMINISTRATORS');
insert into user value (2, 'ANONYMOUS', 'ANONYMOUS', null);