
-- Person --
INSERT INTO `sequence` (`sequence_name`, `sequence_value`) VALUES ('person',1), ('person_string_culture',1);

insert into `string_culture`(`id`, `locale_id`, `value`) values (2000, 1, 'Персона'), (2000, 2, 'Person');
insert into `entity`(`id`, `entity_table`, `entity_name_id`, `strategy_factory`) values (2000, 'person', 2000, '');
insert into `string_culture`(`id`, `locale_id`, `value`) values (2001, 1, UPPER('Фамилия')), (2001, 2, UPPER('Прізвище'));
insert into `entity_attribute_type`(`id`, `entity_id`, `mandatory`, `attribute_type_name_id`, `system`) values (2000, 2000, 1, 2001, 1);
insert into `string_culture`(`id`, `locale_id`, `value`) values (2002, 1, UPPER('Имя')), (2002, 2, UPPER('Ім\'я'));
insert into `entity_attribute_type`(`id`, `entity_id`, `mandatory`, `attribute_type_name_id`, `system`) values (2001, 2000, 1, 2002, 1);
insert into `string_culture`(`id`, `locale_id`, `value`) values (2003, 1, UPPER('Отчество')), (2003, 2, UPPER('По батькові'));
insert into `entity_attribute_type`(`id`, `entity_id`, `mandatory`, `attribute_type_name_id`, `system`) values (2002, 2000, 1, 2003, 1);
insert into `string_culture`(`id`, `locale_id`, `value`) values (2004, 1, UPPER('Национальность')), (2004, 2, UPPER('Національність'));
insert into `entity_attribute_type`(`id`, `entity_id`, `mandatory`, `attribute_type_name_id`, `system`) values (2003, 2000, 0, 2004, 1);
insert into `string_culture`(`id`, `locale_id`, `value`) values (2005, 1, UPPER('Дата рождения')), (2005, 2, UPPER('Дата нарождения'));
insert into `entity_attribute_type`(`id`, `entity_id`, `mandatory`, `attribute_type_name_id`, `system`) values (2004, 2000, 0, 2005, 1);
insert into `string_culture`(`id`, `locale_id`, `value`) values (2006, 1, UPPER('Область(гос-во)')), (2006, 2, UPPER('Область(держава)'));
insert into `entity_attribute_type`(`id`, `entity_id`, `mandatory`, `attribute_type_name_id`, `system`) values (2005, 2000, 0, 2006, 1);
insert into `string_culture`(`id`, `locale_id`, `value`) values (2007, 1, UPPER('Район')), (2007, 2, UPPER('Район'));
insert into `entity_attribute_type`(`id`, `entity_id`, `mandatory`, `attribute_type_name_id`, `system`) values (2006, 2000, 0, 2007, 1);
insert into `string_culture`(`id`, `locale_id`, `value`) values (2008, 1, UPPER('Город(пгт)')), (2008, 2, UPPER('Місто(смт)'));
insert into `entity_attribute_type`(`id`, `entity_id`, `mandatory`, `attribute_type_name_id`, `system`) values (2007, 2000, 0, 2008, 1);
insert into `string_culture`(`id`, `locale_id`, `value`) values (2009, 1, UPPER('Село(поселок)')), (2009, 2, UPPER('Село(селище)'));
insert into `entity_attribute_type`(`id`, `entity_id`, `mandatory`, `attribute_type_name_id`, `system`) values (2008, 2000, 0, 2009, 1);
insert into `string_culture`(`id`, `locale_id`, `value`) values (2010, 1, UPPER('Серия')), (2010, 2, UPPER('Серія'));
insert into `entity_attribute_type`(`id`, `entity_id`, `mandatory`, `attribute_type_name_id`, `system`) values (2009, 2000, 0, 2010, 1);
insert into `string_culture`(`id`, `locale_id`, `value`) values (2011, 1, UPPER('Номер')), (2011, 2, UPPER('Номер'));
insert into `entity_attribute_type`(`id`, `entity_id`, `mandatory`, `attribute_type_name_id`, `system`) values (2010, 2000, 0, 2011, 1);
insert into `string_culture`(`id`, `locale_id`, `value`) values (2012, 1, UPPER('Каким органом внутренних дел и когда выдан')), (2012, 2, UPPER('Яким органом внутрішніх справ і коли виданий'));
insert into `entity_attribute_type`(`id`, `entity_id`, `mandatory`, `attribute_type_name_id`, `system`) values (2011, 2000, 0, 2012, 1);
insert into `string_culture`(`id`, `locale_id`, `value`) values (2013, 1, UPPER('Где и кем работает')), (2013, 2, UPPER('Де і ким працює'));
insert into `entity_attribute_type`(`id`, `entity_id`, `mandatory`, `attribute_type_name_id`, `system`) values (2012, 2000, 0, 2013, 1);
insert into `string_culture`(`id`, `locale_id`, `value`) values (2014, 1, UPPER('Отношение к воинской службе')), (2014, 2, UPPER('Відношення до військової служби'));
insert into `entity_attribute_type`(`id`, `entity_id`, `mandatory`, `attribute_type_name_id`, `system`) values (2013, 2000, 0, 2014, 1);
insert into `string_culture`(`id`, `locale_id`, `value`) values (2015, 1, UPPER('Регистрация')), (2015, 2, UPPER('Регистрация'));
insert into `entity_attribute_type`(`id`, `entity_id`, `mandatory`, `attribute_type_name_id`, `system`) values (2014, 2000, 0, 2015, 1);
insert into `string_culture`(`id`, `locale_id`, `value`) values (2016, 1, UPPER('Дети до 16 лет')), (2016, 2, UPPER('Діти віком до 16 років'));
insert into `entity_attribute_type`(`id`, `entity_id`, `mandatory`, `attribute_type_name_id`, `system`) values (2015, 2000, 0, 2016, 1);
insert into `string_culture`(`id`, `locale_id`, `value`) values (2017, 1, UPPER('Пол')), (2017, 2, UPPER('Пол'));
insert into `entity_attribute_type`(`id`, `entity_id`, `mandatory`, `attribute_type_name_id`, `system`) values (2016, 2000, 0, 2017, 1);


insert into `entity_attribute_value_type`(`id`, `attribute_type_id`, `attribute_value_type`) values (2000, 2000, UPPER('last_name'));
insert into `entity_attribute_value_type`(`id`, `attribute_type_id`, `attribute_value_type`) values (2001, 2001, UPPER('first_name'));
insert into `entity_attribute_value_type`(`id`, `attribute_type_id`, `attribute_value_type`) values (2002, 2002, UPPER('middle_name'));
insert into `entity_attribute_value_type`(`id`, `attribute_type_id`, `attribute_value_type`) values (2003, 2003, UPPER('string'));
insert into `entity_attribute_value_type`(`id`, `attribute_type_id`, `attribute_value_type`) values (2004, 2004, UPPER('date2'));
insert into `entity_attribute_value_type`(`id`, `attribute_type_id`, `attribute_value_type`) values (2005, 2005, UPPER('string'));
insert into `entity_attribute_value_type`(`id`, `attribute_type_id`, `attribute_value_type`) values (2006, 2006, UPPER('string'));
insert into `entity_attribute_value_type`(`id`, `attribute_type_id`, `attribute_value_type`) values (2007, 2007, UPPER('string'));
insert into `entity_attribute_value_type`(`id`, `attribute_type_id`, `attribute_value_type`) values (2008, 2008, UPPER('string'));
insert into `entity_attribute_value_type`(`id`, `attribute_type_id`, `attribute_value_type`) values (2009, 2009, UPPER('string'));
insert into `entity_attribute_value_type`(`id`, `attribute_type_id`, `attribute_value_type`) values (2010, 2010, UPPER('string'));
insert into `entity_attribute_value_type`(`id`, `attribute_type_id`, `attribute_value_type`) values (2011, 2011, UPPER('big_string'));
insert into `entity_attribute_value_type`(`id`, `attribute_type_id`, `attribute_value_type`) values (2012, 2012, UPPER('big_string'));
insert into `entity_attribute_value_type`(`id`, `attribute_type_id`, `attribute_value_type`) values (2013, 2013, UPPER('big_string'));
insert into `entity_attribute_value_type`(`id`, `attribute_type_id`, `attribute_value_type`) values (2014, 2014, 'registration');
insert into `entity_attribute_value_type`(`id`, `attribute_type_id`, `attribute_value_type`) values (2015, 2015, 'person');
insert into `entity_attribute_value_type`(`id`, `attribute_type_id`, `attribute_value_type`) values (2016, 2016, UPPER('gender'));

INSERT INTO `sequence` (`sequence_name`, `sequence_value`) VALUES ('registration',1), ('registration_string_culture',1);

insert into `string_culture`(`id`, `locale_id`, `value`) values (2100, 1, 'Регистрация'), (2100, 2, 'Регистрация');
insert into `entity`(`id`, `entity_table`, `entity_name_id`, `strategy_factory`) values (2100, 'registration', 2100, '');
insert into `string_culture`(`id`, `locale_id`, `value`) values (2101, 1, UPPER('Адрес')), (2101, 2, UPPER('Адрес'));
insert into `entity_attribute_type`(`id`, `entity_id`, `mandatory`, `attribute_type_name_id`, `system`) values (2100, 2100, 1, 2101, 1);
insert into `string_culture`(`id`, `locale_id`, `value`) values (2102, 1, UPPER('Область(гос-во)')), (2102, 2, UPPER('Область(держава)'));
insert into `entity_attribute_type`(`id`, `entity_id`, `mandatory`, `attribute_type_name_id`, `system`) values (2101, 2100, 0, 2102, 1);
insert into `string_culture`(`id`, `locale_id`, `value`) values (2103, 1, UPPER('Район')), (2103, 2, UPPER('Район'));
insert into `entity_attribute_type`(`id`, `entity_id`, `mandatory`, `attribute_type_name_id`, `system`) values (2102, 2100, 0, 2103, 1);
insert into `string_culture`(`id`, `locale_id`, `value`) values (2104, 1, UPPER('Город(пгт)')), (2104, 2, UPPER('Місто(смт)'));
insert into `entity_attribute_type`(`id`, `entity_id`, `mandatory`, `attribute_type_name_id`, `system`) values (2103, 2100, 0, 2104, 1);
insert into `string_culture`(`id`, `locale_id`, `value`) values (2105, 1, UPPER('Село(поселок)')), (2105, 2, UPPER('Село(селище)'));
insert into `entity_attribute_type`(`id`, `entity_id`, `mandatory`, `attribute_type_name_id`, `system`) values (2104, 2100, 0, 2105, 1);
insert into `string_culture`(`id`, `locale_id`, `value`) values (2106, 1, UPPER('Улица')), (2106, 2, UPPER('Улица'));
insert into `entity_attribute_type`(`id`, `entity_id`, `mandatory`, `attribute_type_name_id`, `system`) values (2105, 2100, 0, 2106, 1);
insert into `string_culture`(`id`, `locale_id`, `value`) values (2107, 1, UPPER('Дом №')), (2107, 2, UPPER('Дом №'));
insert into `entity_attribute_type`(`id`, `entity_id`, `mandatory`, `attribute_type_name_id`, `system`) values (2106, 2100, 0, 2107, 1);
insert into `string_culture`(`id`, `locale_id`, `value`) values (2108, 1, UPPER('Корп.')), (2108, 2, UPPER('Корп.'));
insert into `entity_attribute_type`(`id`, `entity_id`, `mandatory`, `attribute_type_name_id`, `system`) values (2107, 2100, 0, 2108, 1);
insert into `string_culture`(`id`, `locale_id`, `value`) values (2109, 1, UPPER('Кв.')), (2109, 2, UPPER('Кв.'));
insert into `entity_attribute_type`(`id`, `entity_id`, `mandatory`, `attribute_type_name_id`, `system`) values (2108, 2100, 0, 2109, 1);
insert into `string_culture`(`id`, `locale_id`, `value`) values (2110, 1, UPPER('Дата прибытия')), (2110, 2, UPPER('Дата прибытия'));
insert into `entity_attribute_type`(`id`, `entity_id`, `mandatory`, `attribute_type_name_id`, `system`) values (2109, 2100, 0, 2110, 1);

insert into `string_culture`(`id`, `locale_id`, `value`) values (2111, 1, UPPER('Область(гос-во)')), (2111, 2, UPPER('Область(держава)'));
insert into `entity_attribute_type`(`id`, `entity_id`, `mandatory`, `attribute_type_name_id`, `system`) values (2110, 2100, 0, 2111, 1);
insert into `string_culture`(`id`, `locale_id`, `value`) values (2112, 1, UPPER('Район')), (2112, 2, UPPER('Район'));
insert into `entity_attribute_type`(`id`, `entity_id`, `mandatory`, `attribute_type_name_id`, `system`) values (2111, 2100, 0, 2112, 1);
insert into `string_culture`(`id`, `locale_id`, `value`) values (2113, 1, UPPER('Город(пгт)')), (2113, 2, UPPER('Місто(смт)'));
insert into `entity_attribute_type`(`id`, `entity_id`, `mandatory`, `attribute_type_name_id`, `system`) values (2112, 2100, 0, 2113, 1);
insert into `string_culture`(`id`, `locale_id`, `value`) values (2114, 1, UPPER('Село(поселок)')), (2114, 2, UPPER('Село(селище)'));
insert into `entity_attribute_type`(`id`, `entity_id`, `mandatory`, `attribute_type_name_id`, `system`) values (2113, 2100, 0, 2114, 1);
insert into `string_culture`(`id`, `locale_id`, `value`) values (2115, 1, UPPER('Дата выбытия')), (2115, 2, UPPER('Дата вибуття'));
insert into `entity_attribute_type`(`id`, `entity_id`, `mandatory`, `attribute_type_name_id`, `system`) values (2114, 2100, 0, 2115, 1);
insert into `string_culture`(`id`, `locale_id`, `value`) values (2116, 1, UPPER('Причина выбытия')), (2116, 2, UPPER('Причина вибуття'));
insert into `entity_attribute_type`(`id`, `entity_id`, `mandatory`, `attribute_type_name_id`, `system`) values (2115, 2100, 0, 2116, 1);

insert into `string_culture`(`id`, `locale_id`, `value`) values (2117, 1, UPPER('Отношение к владельцу')), (2117, 2, UPPER('Отношение к владельцу'));
insert into `entity_attribute_type`(`id`, `entity_id`, `mandatory`, `attribute_type_name_id`, `system`) values (2116, 2100, 0, 2117, 1);
insert into `string_culture`(`id`, `locale_id`, `value`) values (2118, 1, UPPER('Отношение к остальным проживающим')), (2118, 2, UPPER('Отношение к остальным проживающим'));
insert into `entity_attribute_type`(`id`, `entity_id`, `mandatory`, `attribute_type_name_id`, `system`) values (2117, 2100, 0, 2118, 1);
insert into `string_culture`(`id`, `locale_id`, `value`) values (2119, 1, UPPER('Документ права на жилплощадь')), (2119, 2, UPPER('Документ права на жилплощадь'));
insert into `entity_attribute_type`(`id`, `entity_id`, `mandatory`, `attribute_type_name_id`, `system`) values (2118, 2100, 0, 2119, 1);
insert into `string_culture`(`id`, `locale_id`, `value`) values (2120, 1, UPPER('Дата прописки')), (2120, 2, UPPER('Дата прописки'));
insert into `entity_attribute_type`(`id`, `entity_id`, `mandatory`, `attribute_type_name_id`, `system`) values (2119, 2100, 0, 2120, 1);
insert into `string_culture`(`id`, `locale_id`, `value`) values (2121, 1, UPPER('Тип прописки')), (2121, 2, UPPER('Тип прописки'));
insert into `entity_attribute_type`(`id`, `entity_id`, `mandatory`, `attribute_type_name_id`, `system`) values (2120, 2100, 0, 2121, 1);

insert into `entity_attribute_value_type`(`id`, `attribute_type_id`, `attribute_value_type`) values (2100, 2100, 'room');
insert into `entity_attribute_value_type`(`id`, `attribute_type_id`, `attribute_value_type`) values (2101, 2100, 'apartment');
insert into `entity_attribute_value_type`(`id`, `attribute_type_id`, `attribute_value_type`) values (2102, 2100, 'building');
insert into `entity_attribute_value_type`(`id`, `attribute_type_id`, `attribute_value_type`) values (2103, 2101, UPPER('string'));
insert into `entity_attribute_value_type`(`id`, `attribute_type_id`, `attribute_value_type`) values (2104, 2102, UPPER('string'));
insert into `entity_attribute_value_type`(`id`, `attribute_type_id`, `attribute_value_type`) values (2105, 2103, UPPER('string'));
insert into `entity_attribute_value_type`(`id`, `attribute_type_id`, `attribute_value_type`) values (2106, 2104, UPPER('string'));
insert into `entity_attribute_value_type`(`id`, `attribute_type_id`, `attribute_value_type`) values (2107, 2105, UPPER('string'));
insert into `entity_attribute_value_type`(`id`, `attribute_type_id`, `attribute_value_type`) values (2108, 2106, UPPER('string'));
insert into `entity_attribute_value_type`(`id`, `attribute_type_id`, `attribute_value_type`) values (2109, 2107, UPPER('string'));
insert into `entity_attribute_value_type`(`id`, `attribute_type_id`, `attribute_value_type`) values (2110, 2108, UPPER('string'));
insert into `entity_attribute_value_type`(`id`, `attribute_type_id`, `attribute_value_type`) values (2111, 2109, UPPER('date2'));
insert into `entity_attribute_value_type`(`id`, `attribute_type_id`, `attribute_value_type`) values (2112, 2110, UPPER('string'));
insert into `entity_attribute_value_type`(`id`, `attribute_type_id`, `attribute_value_type`) values (2113, 2111, UPPER('string'));
insert into `entity_attribute_value_type`(`id`, `attribute_type_id`, `attribute_value_type`) values (2114, 2112, UPPER('string'));
insert into `entity_attribute_value_type`(`id`, `attribute_type_id`, `attribute_value_type`) values (2115, 2113, UPPER('string'));
insert into `entity_attribute_value_type`(`id`, `attribute_type_id`, `attribute_value_type`) values (2116, 2114, UPPER('date2'));

insert into `entity_attribute_value_type`(`id`, `attribute_type_id`, `attribute_value_type`) values (2117, 2115, UPPER('big_string'));
insert into `entity_attribute_value_type`(`id`, `attribute_type_id`, `attribute_value_type`) values (2118, 2116, UPPER('big_string'));
insert into `entity_attribute_value_type`(`id`, `attribute_type_id`, `attribute_value_type`) values (2119, 2117, UPPER('big_string'));
insert into `entity_attribute_value_type`(`id`, `attribute_type_id`, `attribute_value_type`) values (2120, 2118, UPPER('big_string'));
insert into `entity_attribute_value_type`(`id`, `attribute_type_id`, `attribute_value_type`) values (2121, 2119, UPPER('date'));
insert into `entity_attribute_value_type`(`id`, `attribute_type_id`, `attribute_value_type`) values (2122, 2120, UPPER('string'));